,epoch_time,fps,datetime
0,1654002564.7946155,0,2022-05-31 06:09:24.794615
1,1654002565.8008356,0,2022-05-31 06:09:25.800835
2,1654002566.8125677,0,2022-05-31 06:09:26.812567
3,1654002567.8206403,0,2022-05-31 06:09:27.820640
4,1654002568.829756,0,2022-05-31 06:09:28.829756
5,1654002569.839107,0,2022-05-31 06:09:29.839107
6,1654002570.8527975,0,2022-05-31 06:09:30.852797
7,1654002571.8572476,24,2022-05-31 06:09:31.857247
8,1654002572.8630824,24,2022-05-31 06:09:32.863082
9,1654002573.8731756,0,2022-05-31 06:09:33.873175
10,1654002574.8864243,0,2022-05-31 06:09:34.886424
11,1654002575.8980458,0,2022-05-31 06:09:35.898045
12,1654002576.9108894,0,2022-05-31 06:09:36.910889
13,1654002577.9185042,0,2022-05-31 06:09:37.918504
14,1654002578.9276748,0,2022-05-31 06:09:38.927674
15,1654002579.9345927,24,2022-05-31 06:09:39.934592
16,1654002580.946997,23,2022-05-31 06:09:40.946997
17,1654002581.9583774,0,2022-05-31 06:09:41.958377
18,1654002582.9679248,0,2022-05-31 06:09:42.967924
19,1654002583.974862,24,2022-05-31 06:09:43.974862
20,1654002584.988108,23,2022-05-31 06:09:44.988108
21,1654002586.0002167,24,2022-05-31 06:09:46.000216
22,1654002587.0108178,24,2022-05-31 06:09:47.010817
23,1654002588.0183809,24,2022-05-31 06:09:48.018380
24,1654002589.0254478,24,2022-05-31 06:09:49.025489
25,1654002590.0354483,24,2022-05-31 06:09:50.035448
26,1654002591.043699,24,2022-05-31 06:09:51.043699
27,1654002592.0548267,24,2022-05-31 06:09:52.054826
28,1654002593.0629117,23,2022-05-31 06:09:53.062911
29,1654002594.0748897,23,2022-05-31 06:09:54.074889
30,1654002595.08655,24,2022-05-31 06:09:55.086550
31,1654002596.0959072,24,2022-05-31 06:09:56.095907
32,1654002597.1049244,24,2022-05-31 06:09:57.104924
33,1654002598.117271,24,2022-05-31 06:09:58.117271
34,1654002599.1267986,24,2022-05-31 06:09:59.126798
35,1654002600.1404948,24,2022-05-31 06:10:00.140494
36,1654002601.1459246,24,2022-05-31 06:10:01.145924
37,1654002602.160615,24,2022-05-31 06:10:02.160614
38,1654002603.173884,24,2022-05-31 06:10:03.173884
39,1654002604.1860924,24,2022-05-31 06:10:04.186092
40,1654002605.1998665,24,2022-05-31 06:10:05.199866
41,1654002606.2007568,24,2022-05-31 06:10:06.200756
42,1654002607.212373,24,2022-05-31 06:10:07.212373
43,1654002608.2262373,24,2022-05-31 06:10:08.226237
44,1654002609.239713,24,2022-05-31 06:10:09.239712
45,1654002610.2507737,24,2022-05-31 06:10:10.250773
46,1654002611.2608795,24,2022-05-31 06:10:11.260879
47,1654002612.2671273,24,2022-05-31 06:10:12.267127
48,1654002613.2791202,24,2022-05-31 06:10:13.279120
49,1654002614.2879229,24,2022-05-31 06:10:14.287923
50,1654002615.2946463,24,2022-05-31 06:10:15.294646
51,1654002616.3063903,24,2022-05-31 06:10:16.306390
52,1654002617.312909,24,2022-05-31 06:10:17.312908
53,1654002618.3215673,23,2022-05-31 06:10:18.321567
54,1654002619.3291953,23,2022-05-31 06:10:19.329195
55,1654002620.330844,24,2022-05-31 06:10:20.330843
56,1654002621.3439467,24,2022-05-31 06:10:21.343946
57,1654002622.3518631,24,2022-05-31 06:10:22.351863
58,1654002623.3647516,24,2022-05-31 06:10:23.364751
59,1654002624.3775122,24,2022-05-31 06:10:24.377512
60,1654002625.386798,24,2022-05-31 06:10:25.386797
61,1654002626.3970532,24,2022-05-31 06:10:26.397053
62,1654002627.4049726,23,2022-05-31 06:10:27.404972
63,1654002628.4141905,23,2022-05-31 06:10:28.414190
64,1654002629.4226334,23,2022-05-31 06:10:29.422633
65,1654002630.4292223,24,2022-05-31 06:10:30.429222
66,1654002631.435758,24,2022-05-31 06:10:31.435758
67,1654002632.4498513,24,2022-05-31 06:10:32.449851
68,1654002633.4570658,24,2022-05-31 06:10:33.457065
69,1654002634.4694128,0,2022-05-31 06:10:34.469412
70,1654002635.4825292,0,2022-05-31 06:10:35.482529
71,1654002636.4946997,0,2022-05-31 06:10:36.494699
72,1654002637.5083494,0,2022-05-31 06:10:37.508349
73,1654002638.5220342,0,2022-05-31 06:10:38.522034
74,1654002639.534311,0,2022-05-31 06:10:39.534311
75,1654002640.547371,0,2022-05-31 06:10:40.547371
76,1654002641.546556,0,2022-05-31 06:10:41.546555
77,1654002642.559874,0,2022-05-31 06:10:42.559874
78,1654002643.5726967,0,2022-05-31 06:10:43.572696
79,1654002644.5876353,0,2022-05-31 06:10:44.587635
